file_size,number_of_sections,imported_dlls_count,imported_functions_count,days_since_compile,avg_entropy,max_entropy,is_dll,is_exe,suspicious_dll_count
8192,4,5,62,5777,3.1326894125537903,5.925869328032917,0,1,2
15360,3,7,85,4971,4.83634714619027,6.238951671137994,0,1,4
8192,4,5,62,5777,3.132657550795123,5.925869328032917,0,1,2
8192,4,5,62,5777,3.1246824731335394,5.925869328032917,0,1,2
8192,4,5,62,5777,3.138469022072868,5.925869328032917,0,1,2
647168,5,8,239,5512,5.450347066903962,6.588062545660371,1,0,2
762880,4,8,244,4889,5.65038867243919,6.6403987829540805,1,0,2
17408,4,5,79,5031,4.4389529895399,6.1388262393078055,0,1,3
7168,4,4,51,5531,2.970976288071866,6.07112079746297,0,1,1
7168,4,4,51,5531,2.968285968245535,6.07112079746297,0,1,1
762880,4,8,244,4889,5.655997031642059,6.640944826454696,1,0,2
15360,3,7,85,5275,4.815279128871644,6.241011178413984,0,1,4
15360,3,7,85,4958,4.88486428582947,6.24874994394335,0,1,4
8192,4,5,62,6320,3.125046665782805,5.8697289507200034,0,1,2
8192,4,5,62,6320,3.132197327117394,5.8697289507200034,0,1,2
754176,3,9,260,5170,5.585939777762614,6.6206505214032,0,1,2
17408,4,5,79,5031,4.4409386504286505,6.1388262393078055,0,1,3
8192,4,5,62,5777,3.133058009966956,5.925869328032917,0,1,2
15360,3,7,85,5275,4.8101243518353565,6.241011178413984,0,1,4
8192,4,5,62,5777,3.1266355981335394,5.925869328032917,0,1,2
8192,4,5,62,5777,3.1452023235577147,5.925869328032917,0,1,2
762880,4,8,244,4889,5.655899463623758,6.640944826454696,1,0,2
598528,3,8,244,5436,5.936241411599961,6.5903681678739074,0,1,2
8192,4,5,62,5777,3.126267000720374,5.925869328032917,0,1,2
8192,4,5,62,6320,3.1101543246039793,5.8697289507200034,0,1,2
8192,4,5,62,5777,3.1388376194860337,5.925869328032917,0,1,2
8192,4,5,62,5777,3.132657550795123,5.925869328032917,0,1,2
15360,3,7,85,5275,4.828644446343475,6.241011178413984,0,1,4
7168,4,4,51,5531,2.969262530745535,6.07112079746297,0,1,1
8192,4,5,62,5777,3.131680988295123,5.925869328032917,0,1,2
7168,4,4,51,5531,2.991544900932619,6.07112079746297,0,1,1
647680,5,8,239,5506,5.449320562282803,6.5847833424631945,1,0,2
15360,3,7,85,4960,4.851545997061138,6.241755640445412,0,1,4
17408,4,5,79,5031,4.440150037096663,6.1388262393078055,0,1,3
7168,4,4,51,5531,2.983178309424361,6.07112079746297,0,1,1
754176,3,9,260,5170,5.58638679923546,6.6206505214032,0,1,2
7168,4,4,51,5531,2.976790734818449,6.07112079746297,0,1,1
15360,3,7,85,5275,4.836536366571245,6.241011178413984,0,1,4
16896,4,6,85,4950,4.457035077818606,6.121422301099134,0,1,3
